{"train/loss": 3.0391, "train/learning_rate": 0.0006905187835420393, "train/epoch": 0.02, "train/global_step": 193, "_timestamp": 1697029726.481501, "_runtime": 286.9821500778198, "_step": 192}