{"train/loss": 2.3516, "train/learning_rate": 0.0, "train/epoch": 2.0, "train/global_step": 18606, "_timestamp": 1697025923.74332, "_runtime": 27304.531110048294, "_step": 18606, "train/train_runtime": 27305.3188, "train/train_samples_per_second": 43.609, "train/train_steps_per_second": 0.681, "train/total_flos": 1.615731709817389e+18, "train/train_loss": 2.3536201779667847, "_wandb": {"runtime": 27304}}