{"train/loss": 2.6133, "train/learning_rate": 0.001974775506733228, "train/epoch": 0.2, "train/global_step": 1852, "_timestamp": 1696998498.681067, "_runtime": 2712.4354190826416, "_step": 1851}