{"train/loss": 3.0586, "train/learning_rate": 0.0005008944543828264, "train/epoch": 0.02, "train/global_step": 140, "_timestamp": 1696995511.3223479, "_runtime": 209.23760199546814, "_step": 139}